customer_id,first_name,last_name,email,address,phone
1,Beverly,Harris,blakecole@example.com,"USNV Levy, FPO AP 55424",391-407-3717x8650
2,Kevin,Lopez,kyle99@example.net,"37222 Anthony Village, Emilyville, NJ 66156",+1-594-995-9624x43739
3,Cindy,Davis,vasquezkenneth@example.net,"721 Bradley Fort Apt. 400, New Cesar, AR 64779",7843795580
4,Tina,Anderson,donnaalvarado@example.com,"39300 Ashley Trail Apt. 565, Millerstad, PW 07576",369.467.6151x93629
5,Rebecca,Gray,johnsonholly@example.org,"8706 Francisco Crescent, Davidtown, NV 81822",5933741552
6,Nancy,Anderson,jhenderson@example.net,"8451 Alvarado Square Suite 025, North Jill, PR 77074",982-483-7335x32078
7,Shaun,Callahan,melissathomas@example.com,"237 Gutierrez Mountain, Mcleanchester, DE 37244",+1-408-915-1174x53624
8,Nicholas,Perez,jacoblewis@example.net,"07881 Kathy Drives Suite 465, Jessicaside, AL 24298",4676405082
9,Joshua,Alvarez,michaelhurst@example.org,"26077 Morris Land, West Connorton, NY 22354",001-731-468-2264x1645
10,Luis,Morales,christine03@example.net,"06970 Anthony Circle Suite 387, South Brandistad, DE 27032",001-706-301-8545x230
11,Seth,Lewis,scottkevin@example.org,"141 Perry Fork, Ryanview, NV 13710",997-897-9667x49827
12,Cynthia,Hardy,jennifer23@example.com,"Unit 3383 Box 0423, DPO AP 64138",979-666-7233
13,David,Thomas,meghan74@example.org,"37526 Robert Stravenue Suite 592, Williamsview, RI 05055",(565)858-7034x9646
14,Matthew,Palmer,ladams@example.net,"0694 Joseph Inlet Suite 490, Kelseyton, GU 97647",710-540-6191x837
15,Michael,Brown,mbennett@example.org,"2916 Deanna Passage Suite 144, East Kristychester, MI 19444",(226)685-7841
16,Sydney,Santos,jeffrey37@example.net,"PSC 6953, Box 1407, APO AP 26958",(351)286-8654x2576
17,Erica,Harris,lisa30@example.net,"6520 Jackson Centers, Deborahview, FM 89250",965.537.6828x295
18,Ashley,Obrien,xchavez@example.net,"86204 Anita Springs Suite 280, Matthewshire, SD 43935",001-719-826-2011x187
19,Christina,Hernandez,bjohnson@example.org,"11016 Sarah Mount Apt. 661, Lopezfurt, SD 26099",(945)914-7140
20,Ian,Salazar,sarah96@example.net,"75860 Rebecca Radial Apt. 098, West Amy, MS 73375",863.411.8273x168
21,Christine,Williamson,bakerbrenda@example.com,"419 King Valleys Apt. 619, South Jim, CO 37644",328.490.9437
22,Joshua,Walker,terri68@example.com,"1736 Rodney Ford Suite 012, Pollardborough, HI 28380",+1-422-887-6867x2359
23,Sandra,Morris,michael29@example.org,"0077 Reid Valleys, Meganmouth, IA 91860",930.803.9300
24,Michelle,Riley,robinharrell@example.net,"Unit 3846 Box 1668, DPO AP 52422",341-619-0471x35785
25,Crystal,Huerta,hhensley@example.org,"7334 Porter Shoal Suite 208, Port Denise, WY 10300",(733)307-6875
26,John,Washington,michaelfritz@example.com,"60854 Thomas Dale Apt. 426, South Shannon, AL 11264",(422)919-3878
27,Timothy,Eaton,qdixon@example.org,"334 Taylor Forks Suite 663, Burnettville, NE 79640",001-755-626-9268x933
28,Jean,Moore,gfisher@example.com,"342 Kathleen Stravenue Apt. 319, West Scottmouth, WY 76157",665-375-0334
29,Bobby,Porter,vaustin@example.com,"16249 Phillips Locks, New Jessica, AR 80382",001-993-662-1301x96105
30,Dalton,Allen,janice82@example.com,"PSC 8793, Box 7343, APO AP 18471",9737042965
